,wavelength,wg_width,wg_thickness,bend_curvature,mode_number,n_eff,loss,te_fraction,selfOverlapStrength,crossOverlapStrength
0,1.5,2.3,0.38,0.0,1,1.7157029760118818,2.5211624821296712e-11,0.9995986943180528,-1.6224407983265023e-06j,(12.699439132919574-7.730658799329434e-16j)
1,1.5,2.3,0.38,0.005555555555555556,1,1.7160715773911095,5.495044760112226e-11,0.9995873915393932,9.911168327122075e-07j,(12.517464525024181-0.0026378618052726854j)
2,1.5,2.3,0.38,0.011111111111111112,1,1.7171658446497386,1.1635753721328571e-10,0.9995543906101035,2.500081165997752e-06j,(12.12381145474459-0.003512290105355853j)
3,1.5,2.3,0.38,0.016666666666666666,1,1.718956006128048,2.3959100808191333e-10,0.9995020918007544,3.265861583421161e-06j,(11.565868415798851-0.0031004191715150366j)
4,1.5,2.3,0.38,0.022222222222222223,1,1.7213977093058261,4.810518891920329e-10,0.9994338468683399,3.6498674668734705e-06j,(10.891023901905012-0.001879383275014803j)
5,1.5,2.3,0.38,0.02777777777777778,1,1.7244379996092767,9.456168558416332e-10,0.999353300332107,4.0135081982457065e-06j,(10.146666406781124-0.0003263166871200237j)
6,1.5,2.3,0.38,0.03333333333333333,1,1.7280209273462035,1.8286286782507496e-09,0.999263871377512,4.7181931594289e-06j,(9.380184424145238+0.0010816463209047068j)
7,1.5,2.3,0.38,0.03888888888888889,1,1.7320917898775832,3.4966823101676233e-09,0.99916846564015,6.125331732314093e-06j,(8.638966447715402+0.0018673714777946557j)
8,1.5,2.3,0.38,0.044444444444444446,1,1.7365997698241928,6.64636692428799e-09,0.999069388843341,8.596333298792307e-06j,(7.970400971209665+0.0015537245122850894j)
9,1.5,2.3,0.38,0.05,1,1.7414992155482658,1.2624018203417682e-08,0.9989683864837957,1.2492607240754569e-05j,(7.421876488346076-0.0003364288468886412j)
10,1.5,2.3,0.38,0.0,2,1.6412410552045438,6.168868771520441e-05,0.9978173007074496,-0.0008142388557428881j,(12.69943913292685-9.479375064434985e-16j)
11,1.5,2.3,0.38,0.005555555555555556,2,1.641138797895792,2.9175874386534954e-09,0.9978232572833904,-0.009974546879939624j,(12.517464525038388+0.0026378618053265763j)
12,1.5,2.3,0.38,0.011111111111111112,2,1.640944918127787,5.988578437978964e-09,0.997820705261491,-0.014735667701055468j,(12.123811454768914+0.0035122901055152918j)
13,1.5,2.3,0.38,0.016666666666666666,2,1.6406532511749106,1.2782673432963347e-08,0.997812969486512,-0.016255479733914748j,(11.565868415835997+0.003100419171804566j)
14,1.5,2.3,0.38,0.022222222222222223,2,1.6403093522752683,2.857567714342259e-08,0.9977956278434326,-0.015691861393341812j,(10.891023901957185+0.0018793832754333767j)
15,1.5,2.3,0.38,0.02777777777777778,2,1.6399678619588487,6.745678285157624e-08,0.997763756287098,-0.01420269109416097j,(10.146666406850045+0.0003263166876410092j)
16,1.5,2.3,0.38,0.03333333333333333,2,1.6396872166348782,1.6991289367763642e-07,0.9977125687837972,-0.01294584725119658j,(9.38018442423213-0.0010816463203334751j)
17,1.5,2.3,0.38,0.03888888888888889,2,1.639526199606234,4.632949556167969e-07,0.9976378223465632,-0.01307920827927296j,(8.638966447821002-0.0018673714772509031j)
18,1.5,2.3,0.38,0.044444444444444446,2,1.6395432975971491,1.3973842401306112e-06,0.997536134129231,-0.015760652593214478j,(7.970400971334223-0.0015537245118721294j)
19,1.5,2.3,0.38,0.05,2,1.6398006836224435,4.823991584942582e-06,0.9974057170736981,-0.02214805860784537j,(7.421876488489348+0.0003364288470419635j)
20,1.55,2.3,0.38,0.0,1,1.7050363036042226,6.680595567044971e-11,0.9995490701095654,-4.1068005144889025e-06j,(11.984866230373557-3.2748175715402575e-16j)
21,1.55,2.3,0.38,0.005555555555555556,1,1.7053877059257194,1.4285271594788795e-10,0.9995377431768069,2.4774252496551785e-06j,(11.871125842936982+0.054688211655000506j)
22,1.55,2.3,0.38,0.011111111111111112,1,1.7064313276221144,2.98045706924652e-10,0.9995046238950914,6.278615370110012e-06j,(11.557532550287997+0.0785678883190615j)
23,1.55,2.3,0.38,0.016666666666666666,1,1.708141768841899,6.072020370479664e-10,0.9994518972293951,8.209032978231047e-06j,(11.0865891936317+0.07866443627171059j)
24,1.55,2.3,0.38,0.022222222222222223,1,1.7104807404456022,1.210738116610872e-09,0.9993826708961736,9.180941205373737e-06j,(10.50079861417316+0.06200326179247449j)
25,1.55,2.3,0.38,0.02777777777777778,1,1.713401822442014,2.3711370320185547e-09,0.9993004086652997,1.0106603182893526e-05j,(9.842663653117471+0.035609771160881265j)
26,1.55,2.3,0.38,0.03333333333333333,1,1.7168551106478747,4.580481919472368e-09,0.9992084558044477,1.1898282042145871e-05j,(9.154687151669716+0.006509370656457716j)
27,1.55,2.3,0.38,0.03888888888888889,1,1.720790931136883,8.76933666738471e-09,0.999109745272786,1.546824091448623e-05j,(8.47937195103498-0.018272533441268207j)
28,1.55,2.3,0.38,0.044444444444444446,1,1.7251623359051482,1.672190042179461e-08,0.9990066794477974,2.172874293127003e-05j,(7.859220892418347-0.031710534852769014j)
29,1.55,2.3,0.38,0.05,1,1.7299264845889917,3.192367067266851e-08,0.9989011342650859,3.1592051223852734e-05j,(7.336736817024897-0.026779227298518105j)
30,1.55,2.3,0.38,0.0,2,1.6281163906307314,-0.0005454434093282343,0.9944191539491505,-0.009646183459978808j,(11.984866230377179+7.882946423989008e-16j)
31,1.55,2.3,0.38,0.005555555555555556,2,1.6261711262923866,8.719577100101287e-09,0.9975148944574399,0.16738211566575334j,(11.871125842938751-0.05468821165416304j)
32,1.55,2.3,0.38,0.011111111111111112,2,1.6260080953706246,1.7897575287526895e-08,0.9975107608539893,0.2605072138316318j,(11.557532550283826-0.07856788831630798j)
33,1.55,2.3,0.38,0.016666666666666666,2,1.6257619355470676,3.826791810313441e-08,0.997500582265717,0.29286611689292325j,(11.086589193617002-0.07866443626588629j)
34,1.55,2.3,0.38,0.022222222222222223,2,1.6254737839985336,8.590857134355635e-08,0.9974801030303033,0.2875958307048948j,(10.500798614142882-0.06200326178235086j)
35,1.55,2.3,0.38,0.02777777777777778,2,1.625194341579015,2.0444522515253512e-07,0.9974444652565074,0.2678333611228129j,(9.842663653066062-0.03560977114515404j)
36,1.55,2.3,0.38,0.03333333333333333,2,1.6249801442981577,5.223541559129435e-07,0.9973888462133945,0.2567157140019447j,(9.154687151591139-0.006509370633748173j)
37,1.55,2.3,0.38,0.03888888888888889,2,1.6248919471750434,1.45905146123502e-06,0.9973089717946938,0.277379895197557j,(8.479371950922717+0.018272533472413508j)
38,1.55,2.3,0.38,0.044444444444444446,2,1.6249974339579882,4.580128452881191e-06,0.9972022701933649,0.3529629105649168j,(7.859220892265391+0.03171053489387899j)
39,1.55,2.3,0.38,0.05,2,1.6253834831459064,1.685277823169564e-05,0.997070528387308,0.5066017659592896j,(7.336736816823756+0.026779227351195818j)
40,1.6,2.3,0.38,0.0,1,1.6946058347016892,1.6722688946221357e-10,0.9994960264314323,-9.839090652309537e-06j,(11.35220050707732+2.992100989821134e-16j)
41,1.6,2.3,0.38,0.005555555555555556,1,1.6949422008226505,3.5132962938413847e-10,0.999484665615861,5.865846069259999e-06j,(11.293660231258446-0.024092007495397066j)
42,1.6,2.3,0.38,0.011111111111111112,1,1.6959410330366307,7.228763724397018e-10,0.9994514327279226,1.4931893831019967e-05j,(11.048320494424921-0.03202052362056435j)
43,1.6,2.3,0.38,0.016666666666666666,1,1.697580533087292,1.457651297288305e-09,0.9993983233563947,1.9539122922996855e-05j,(10.653443472688574-0.02822789576677898j)
44,1.6,2.3,0.38,0.022222222222222223,1,1.699827490537133,2.886459513466025e-09,0.9993282222219418,2.186760363521717e-05j,(10.146291342161216-0.017156471325317748j)
45,1.6,2.3,0.38,0.02777777777777778,1,1.7026410976656992,5.63051016817679e-09,0.9992444150883465,2.4097406257707403e-05j,(9.564126278954676-0.0032485976874575407j)
46,1.6,2.3,0.38,0.03333333333333333,1,1.7059768079047184,1.086138038187875e-08,0.99915015778527,2.8408601080494002e-05j,(8.944210459180772+0.009053377755524271j)
47,1.6,2.3,0.38,0.03888888888888889,1,1.7097895697623382,2.0810878223780997e-08,0.9990483857319581,3.6981258393603555e-05j,(8.323806058951325+0.015307107612350622j)
48,1.6,2.3,0.38,0.044444444444444446,1,1.714036144551391,3.979610159822492e-08,0.9989415735648753,5.1995448487062476e-05j,(7.740175254378157+0.011070244491745297j)
49,1.6,2.3,0.38,0.05,1,1.7186765248735727,7.634121079525966e-08,0.9988317099030287,7.563124165089726e-05j,(7.230580221573084-0.008099558997569875j)
50,1.6,2.3,0.38,0.0,2,1.615563215583132,0.000766948014220021,0.9966027434800948,-0.010904451886522004j,(11.352200507076908-3.5394384243879473e-16j)
51,1.6,2.3,0.38,0.005555555555555556,2,1.6114720774055074,2.4585115483262662e-08,0.9971815773853999,-0.09307225019360926j,(11.29366023125809+0.024092007494544765j)
52,1.6,2.3,0.38,0.011111111111111112,2,1.6113436974356454,5.052361602217978e-08,0.9971758367024214,-0.1356385899154059j,(11.04832049442402+0.03202052361955673j)
53,1.6,2.3,0.38,0.016666666666666666,2,1.6111493570249804,1.08370702792728e-07,0.9971631341650631,-0.14883496418077244j,(10.653443472686071+0.028227895766049366j)
54,1.6,2.3,0.38,0.022222222222222223,2,1.610927519977492,2.447655638873693e-07,0.9971394214004954,-0.14289286611856955j,(10.146291342155603+0.017156471325034242j)
55,1.6,2.3,0.38,0.02777777777777778,2,1.6107272063650035,5.886832151531671e-07,0.9971000394155387,-0.12804378885765763j,(9.56412627894398+0.003248597687524066j)
56,1.6,2.3,0.38,0.03333333333333333,2,1.6106062933774838,1.530928149925089e-06,0.9970404635146655,-0.11451922552689714j,(8.944210459162571-0.009053377755469374j)
57,1.6,2.3,0.38,0.03888888888888889,2,1.6106333053819992,4.402155478147026e-06,0.9969573674226134,-0.1125506692551489j,(8.323806058922738-0.015307107612933362j)
58,1.6,2.3,0.38,0.044444444444444446,2,1.6108978031860803,1.4474915860105844e-05,0.9968516366741748,-0.13236961317127338j,(7.740175254335849-0.011070244493855365j)
59,1.6,2.3,0.38,0.05,2,1.6115388591777964,5.690437222175435e-05,0.9967403748254134,-0.18420755040413095j,(7.230580221513261+0.00809955899277569j)
60,1.5,2.4,0.38,0.0,1,1.7175400669324035,1.999214031603287e-11,0.9996445021400244,-1.5002470400448157e-06j,(14.224389117704572+1.802679504416248e-15j)
61,1.5,2.4,0.38,0.005555555555555556,1,1.7179666528572481,4.544083108457125e-11,0.9996318771500717,9.328724506346635e-07j,(13.93695937360057-0.0005802315332174171j)
62,1.5,2.4,0.38,0.011111111111111112,1,1.7192301590021917,9.933902798347404e-11,0.9995952709711708,2.3378508843843135e-06j,(13.387943118493615-0.0008312901078894583j)
63,1.5,2.4,0.38,0.016666666666666666,1,1.7212880244788398,2.0919469840811676e-10,0.9995379195732305,3.0503107704015056e-06j,(12.64170609062058-0.0008775170540834877j)
64,1.5,2.4,0.38,0.022222222222222223,1,1.724078497024305,4.2610414099013725e-10,0.9994641568911304,3.405874617883609e-06j,(11.762614028218353-0.0008432537018771468j)
65,1.5,2.4,0.38,0.02777777777777778,1,1.7275303547025063,8.442586626780213e-10,0.9993784386212349,3.7401649360279945e-06j,(10.815032669523815-0.0008528413813454125j)
66,1.5,2.4,0.38,0.03333333333333333,1,1.7315712029067283,1.6375128227859478e-09,0.999284683128509,4.388804234032032e-06j,(9.863327752773843-0.00103062142256415j)
67,1.5,2.4,0.38,0.03888888888888889,1,1.7361329768503613,3.1291755206626375e-09,0.9991860009015318,5.687415021093096e-06j,(8.971865016205324-0.0015009351556005094j)
68,1.5,2.4,0.38,0.044444444444444446,1,1.7411547363543003,5.927934149951156e-09,0.9990846990010483,7.971619806408551e-06j,(8.20501019805514-0.002388123910537942j)
69,1.5,2.4,0.38,0.05,1,1.7465835147011162,1.1199054775105057e-08,0.9989824153100686,1.1577041099175764e-05j,(7.627129036560163-0.003816529017444884j)
70,1.5,2.4,0.38,0.0,2,1.648455282023837,8.048081577333216e-06,0.9981178001232326,-0.0008118408797266885j,(14.22438911769945-3.7512058471028094e-16j)
71,1.5,2.4,0.38,0.005555555555555556,2,1.648352085865896,1.9222614181386696e-09,0.9981138199166474,0.0016027339196297502j,(13.936959373602877+0.0005802315314676806j)
72,1.5,2.4,0.38,0.011111111111111112,2,1.6481121548712268,3.998586227589827e-09,0.9981125709423859,0.002910948399272646j,(13.387943118499747+0.0008312901028962881j)
73,1.5,2.4,0.38,0.016666666666666666,2,1.6477579693977948,8.651630552233486e-09,0.9981059726232063,0.0034494124747678247j,(12.641706090627089+0.0008775170445487672j)
74,1.5,2.4,0.38,0.022222222222222223,2,1.6473514984436868,1.9611282993542797e-08,0.9980885365420962,0.003554736061681113j,(11.762614028221948+0.0008432536866928046j)
75,1.5,2.4,0.38,0.02777777777777778,2,1.64696408126429,4.694024097239324e-08,0.9980545064357182,0.0035635290755783346j,(10.815032669521361+0.0008528413595916462j)
76,1.5,2.4,0.38,0.03333333333333333,2,1.6466682522213894,1.1977851813519467e-07,0.997998659246716,0.0038124014320253165j,(9.863327752762366+0.001030621393514024j)
77,1.5,2.4,0.38,0.03888888888888889,2,1.6465327615253122,3.3016936746972395e-07,0.9979166790707713,0.004637963046587885j,(8.971865016181997+0.0015009351187251173j)
78,1.5,2.4,0.38,0.044444444444444446,2,1.6466213167872532,1.0030089416807637e-06,0.9978047348780871,0.0063768238348318705j,(8.205010198017291+0.00238812386549253j)
79,1.5,2.4,0.38,0.05,2,1.6469959705830566,3.467516232340821e-06,0.9976626641679891,0.009365593712323081j,(7.627129036505291+0.003816528964080839j)
80,1.55,2.4,0.38,0.0,1,1.706973503815317,5.3144035380760645e-11,0.9996003831234306,-3.8123630515248615e-06j,(13.430333735242794+1.5602123067244505e-15j)
81,1.55,2.4,0.38,0.005555555555555556,1,1.707379461626504,1.1824850173734762e-10,0.9995877394680472,2.3382322453937055e-06j,(13.219547104645859-0.00869231904132122j)
82,1.55,2.4,0.38,0.011111111111111112,1,1.708582812107379,2.5441972040410077e-10,0.9995509949317885,5.889683516717705e-06j,(12.765906527838426-0.011254060767564677j)
83,1.55,2.4,0.38,0.016666666666666666,1,1.7105472388341212,5.299671759649254e-10,0.9994930982481435,7.692155834697753e-06j,(12.126154523147811-0.009296165018047286j)
84,1.55,2.4,0.38,0.022222222222222223,1,1.7132192940033706,1.0724158057133233e-09,0.999418088130602,8.595814271584474e-06j,(11.357033608901322-0.004429571632076542j)
85,1.55,2.4,0.38,0.02777777777777778,1,1.716536197673365,2.1183589335607484e-09,0.999330242035909,9.45082389962848e-06j,(10.515286303426267+0.001734779551037199j)
86,1.55,2.4,0.38,0.03333333333333333,1,1.720432836508573,4.107660883311781e-09,0.9992334520057575,1.1107349791080385e-05j,(9.65765512504996+0.007585948691980994j)
87,1.55,2.4,0.38,0.03888888888888889,1,1.7248467467522592,7.8649837738061e-09,0.9991309199339985,1.4415557018190812e-05j,(8.840882592099707+0.011512995951444846j)
88,1.55,2.4,0.38,0.044444444444444446,1,1.7297209488035885,1.4957465732071725e-08,0.9990251058631241,2.0225610653210388e-05j,(8.121711222902821+0.01190498149011747j)
89,1.55,2.4,0.38,0.05,1,1.7350051024891542,2.8418288263172997e-08,0.9989178157409586,2.93876757683897e-05j,(7.55688353578661+0.007150965468686931j)
90,1.55,2.4,0.38,0.0,2,1.6340650695103693,0.00011719771781819399,0.9977928271460925,-0.0004033310253239719j,(13.430333735243085-3.36685379191388e-16j)
91,1.55,2.4,0.38,0.005555555555555556,2,1.63372514765018,5.702817641955045e-09,0.9978469779168846,-0.041678728464617815j,(13.219547104642842+0.008692319032836054j)
92,1.55,2.4,0.38,0.011111111111111112,2,1.633516570680888,1.1842166791664588e-08,0.9978442527382609,-0.06332726129650994j,(12.765906527838304+0.011254060756064685j)
93,1.55,2.4,0.38,0.016666666666666666,2,1.6332070068479931,2.561839347543236e-08,0.9978354781638509,-0.0706170999068584j,(12.126154523157425+0.009296165008719718j)
94,1.55,2.4,0.38,0.022222222222222223,2,1.632851769324675,5.8195059289977655e-08,0.9978153471509793,-0.06881641468152118j,(11.357033608928171+0.0044295716298370985j)
95,1.55,2.4,0.38,0.02777777777777778,2,1.632516343153957,1.4010066172019914e-07,0.9977780977920043,-0.06319337600635634j,(10.515286303478497-0.0017347795415515951j)
96,1.55,2.4,0.38,0.03333333333333333,2,1.6322700235045593,3.6170426446933844e-07,0.997718300922828,-0.059016154267221954j,(9.657655125136376-0.00758594866640901j)
97,1.55,2.4,0.38,0.03888888888888889,2,1.6321825185069097,1.018405449714574e-06,0.9976313600765395,-0.06155291984997591j,(8.840882592229757-0.011512995905703281j)
98,1.55,2.4,0.38,0.044444444444444446,2,1.6323251966311625,3.2088113908220494e-06,0.9975140331489563,-0.07607184314047649j,(8.121711223086606-0.011904981420400931j)
99,1.55,2.4,0.38,0.05,2,1.6327809367221395,1.178248767409834e-05,0.9973664627976749,-0.10784109452458146j,(7.556883536034884-0.00715096537146622j)
100,1.6,2.4,0.38,0.0,1,1.6966423347435655,1.3338582553024227e-10,0.9995531655904232,-9.163289636694694e-06j,(12.7726033280129+1.5546987158756238e-15j)
101,1.6,2.4,0.38,0.005555555555555556,1,1.6970301373968095,2.910194598426541e-10,0.9995404939863813,5.547634999768329e-06j,(12.588341780338936-0.007650312542287391j)
102,1.6,2.4,0.38,0.011111111111111112,1,1.6981800019147681,6.168292626121629e-10,0.9995036215074685,1.4041505452914546e-05j,(12.196138689851443-0.009811893453823578j)
103,1.6,2.4,0.38,0.016666666666666666,1,1.700060755138134,1.2713788549182923e-09,0.9994452428587262,1.835583134533659e-05j,(11.641727998814774-0.008291542044949918j)
104,1.6,2.4,0.38,0.022222222222222223,1,1.7026259354141018,2.5556397338805445e-09,0.9993691220936789,2.0528122299627105e-05j,(10.970843649493291-0.00489605762600973j)
105,1.6,2.4,0.38,0.02777777777777778,1,1.7058200836542508,5.031177184331452e-09,0.9992793513073145,2.2595887938378725e-05j,(10.229219584151348-0.0014322395073472001j)
106,1.6,2.4,0.38,0.03333333333333333,1,1.7095846388407527,9.749128964044133e-09,0.9991797683390324,2.6596637884184073e-05j,(9.462589745053315+0.000293113000693896j)
107,1.6,2.4,0.38,0.03888888888888889,1,1.7138623952301442,1.869576335654195e-08,0.9990736336709164,3.456788175963584e-05j,(8.716688074463539-0.0015267994122299998j)
108,1.6,2.4,0.38,0.044444444444444446,1,1.7186002744805413,3.568074472910909e-08,0.9989635344871282,4.8547129187326575e-05j,(8.037248514646384-0.008698776056461759j)
109,1.6,2.4,0.38,0.05,1,1.7237506771800004,6.815927759581336e-08,0.9988514303845553,7.057188978984902e-05j,(7.470005007866208-0.023029616242345584j)
110,1.6,2.4,0.38,0.0,2,1.6193777381548675,3.653257594849392e-05,0.9975456138657713,-0.010288820771961638j,(12.772603328009351+1.4743354123787685e-15j)
111,1.6,2.4,0.38,0.005555555555555556,2,1.619346507629323,1.5963970949479144e-08,0.9975578683437383,-0.014869423791314253j,(12.588341780332703+0.007650312541636168j)
112,1.6,2.4,0.38,0.011111111111111112,2,1.6191720882046208,3.31327314116949e-08,0.9975535584819215,-0.016805616272560105j,(12.196138689837191+0.009811893451059761j)
113,1.6,2.4,0.38,0.016666666666666666,2,1.6189123419240325,7.176826630251413e-08,0.9975423906622096,-0.016389819587201693j,(11.641727998787228+0.00829154203837874j)
114,1.6,2.4,0.38,0.022222222222222223,2,1.6186178184557785,1.6367229949337177e-07,0.9975192532071591,-0.013914455106741526j,(10.970843649447229+0.004896057613699987j)
115,1.6,2.4,0.38,0.02777777777777778,2,1.6183502738054352,3.9724754276778334e-07,0.9974784643587142,-0.009671944202682088j,(10.229219584081598+0.0014322394871303737j)
116,1.6,2.4,0.38,0.03333333333333333,2,1.6181784155033991,1.0409709106798596e-06,0.9974146033665047,-0.003954708246525903j,(9.462589744954753-0.00029311303122099504j)
117,1.6,2.4,0.38,0.03888888888888889,2,1.618177335313393,3.00737789234198e-06,0.997323333199123,0.002944831390224549j,(8.716688074331104+0.0015267993687505708j)
118,1.6,2.4,0.38,0.044444444444444446,2,1.6184357266593679,9.89064410634022e-06,0.9972032231393638,0.01073425333606674j,(8.037248514475069+0.008698775997153737j)
119,1.6,2.4,0.38,0.05,2,1.6190799344380524,3.877069144753364e-05,0.9970634016605935,0.019121136219498215j,(7.470005007651053+0.023029616164094924j)
120,1.5,2.5,0.38,0.0,1,1.7191815660338226,1.727115173018817e-11,0.9996836559920017,-1.429801927186605e-06j,(15.894631411962127-1.2055238544546076e-15j)
121,1.5,2.5,0.38,0.005555555555555556,1,1.7196728564744268,4.081236395360315e-11,0.9996696373413385,9.105371970798602e-07j,(15.446751508043766+0.00010407349908225272j)
122,1.5,2.5,0.38,0.011111111111111112,1,1.7211239682217703,9.17018091531924e-11,0.9996292844738122,2.2620649171608927e-06j,(14.69332075911849+0.00020762516279423734j)
123,1.5,2.5,0.38,0.016666666666666666,1,1.7234751242766888,1.964188520960607e-10,0.9995668821792174,2.946571174064493e-06j,(13.716855889214719+0.00027029297593365214j)
124,1.5,2.5,0.38,0.022222222222222223,1,1.7266421977415818,4.034686088416878e-10,0.9994878984941903,3.2858459087986585e-06j,(12.599873622360882+0.00025171492330134645j)
125,1.5,2.5,0.38,0.02777777777777778,1,1.7305318658388527,8.009952262418976e-10,0.9993976088722986,3.601679062371391e-06j,(11.424890682585405+0.00011152898968618985j)
126,1.5,2.5,0.38,0.03333333333333333,1,1.7350531780737892,1.5495031828852841e-09,0.999300332457077,4.21586057579069e-06j,(10.274423793916718-0.00019062684010892776j)
127,1.5,2.5,0.38,0.03888888888888889,1,1.7401240519288412,2.943620720389511e-09,0.9991992560609685,5.450180390064553e-06j,(9.230989680383244-0.000695114581291584j)
128,1.5,2.5,0.38,0.044444444444444446,1,1.7456736647752193,5.530902966894587e-09,0.9990965828987817,7.62642844620099e-06j,(8.377105066013415-0.0014422962490588892j)
129,1.5,2.5,0.38,0.05,1,1.751642380598685,1.0345730015168906e-08,0.9989937790327899,1.1066394685207987e-05j,(7.79528667483565-0.0024725338586207256j)
130,1.5,2.5,0.38,0.0,2,1.6549217858967802,-1.3087734220581228e-06,0.9983532560742698,-0.000726024155500056j,(15.894631411961718-4.2725192905249487e-16j)
131,1.5,2.5,0.38,0.005555555555555556,2,1.6548219563426965,1.3852705691893768e-09,0.9983544085232209,0.001331510381135744j,(15.446751508052118-0.00010407350640825783j)
132,1.5,2.5,0.38,0.011111111111111112,2,1.6545329170719685,2.9122366048983167e-09,0.9983543152869018,0.0024472698437370552j,(14.693320759138123-0.00020762517949517826j)
133,1.5,2.5,0.38,0.016666666666666666,2,1.6541158503455864,6.370969203440144e-09,0.9983483494915123,0.0029079172797081367j,(13.716855889249274-0.0002702930050422092j)
134,1.5,2.5,0.38,0.022222222222222223,2,1.653653764242128,1.460874025698603e-08,0.998329835109186,0.0030001157364532485j,(12.599873622415114-0.00025171496882619483j)
135,1.5,2.5,0.38,0.02777777777777778,2,1.6532379527160197,3.53681795255939e-08,0.9982922488730893,0.003010528261376647j,(11.424890682665199-0.0001115290566253008j)
136,1.5,2.5,0.38,0.03333333333333333,2,1.6529563187804528,9.117776001975704e-08,0.9982301461074633,0.003225817901882592j,(10.27442379402907+0.00019062674578096427j)
137,1.5,2.5,0.38,0.03888888888888889,2,1.6528871522687956,2.532248305943189e-07,0.9981394237391881,0.003932647705375346j,(9.230989680536277+0.0006951144526157562j)
138,1.5,2.5,0.38,0.044444444444444446,2,1.6530979436210502,7.714039033743208e-07,0.9980171469762581,0.00541768071925916j,(8.377105066216366+0.0014422960780996617j)
139,1.5,2.5,0.38,0.05,2,1.6536489909004173,2.6544425552721236e-06,0.9978622095956293,0.007967579990938299j,(7.795286675098879+0.0024725336364561008j)
140,1.55,2.5,0.38,0.0,1,1.7087058027671334,4.572629024032855e-11,0.9996442526785606,-3.636641229447094e-06j,(15.012179943987888-3.4795717203759486e-15j)
141,1.55,2.5,0.38,0.005555555555555556,1,1.709172612213428,1.0559876734400681e-10,0.9996302196748987,2.281300262267612e-06j,(14.655181488706946-0.00021577172009977358j)
142,1.55,2.5,0.38,0.011111111111111112,1,1.7105530698346152,2.3340169272155834e-10,0.9995896972726879,5.698896157886906e-06j,(14.017001381198922-1.8423264436144957e-05j)
143,1.55,2.5,0.38,0.016666666666666666,1,1.7127961410431674,4.94708889025915e-10,0.9995265971872161,7.431623024736374e-06j,(13.169780803297316+0.00036502658173983004j)
144,1.55,2.5,0.38,0.022222222222222223,1,1.715828768463988,1.0104868471925822e-09,0.999446047860504,8.294957430141598e-06j,(12.185660936835625+0.0007075590331823755j)
145,1.55,2.5,0.38,0.02777777777777778,1,1.719568154052929,2.00226092618735e-09,0.9993531742267906,9.104375941428161e-06j,(11.136782963647349+0.000782155304647696j)
146,1.55,2.5,0.38,0.03333333333333333,1,1.723931735640095,3.876645369735042e-09,0.9992523404296272,1.0675355125921652e-05j,(10.095288065565986+0.00036179661088577876j)
147,1.55,2.5,0.38,0.03888888888888889,1,1.7288433439226365,7.386465230274248e-09,0.9991468978813143,1.3823371550947655e-05j,(9.133317424425037-0.0007805358333478319j)
148,1.55,2.5,0.38,0.044444444444444446,1,1.7342359582416107,1.3944397387102421e-08,0.9990392540183815,1.9363901783831755e-05j,(8.323012222057997-0.0028718608132979216j)
149,1.55,2.5,0.38,0.05,1,1.7400522082498224,2.6249181015023864e-08,0.9989310682654878,2.8112422391899524e-05j,(7.736513640298368-0.006139197114215175j)
150,1.55,2.5,0.38,0.0,2,1.64047111062594,-9.42033909037323e-06,0.9981173166706451,-0.0018458049649137387j,(15.012179943995836-2.287726411672454e-16j)
151,1.55,2.5,0.38,0.005555555555555556,2,1.6405142526915186,4.059935205098687e-09,0.9981219483362196,0.0007602951924310867j,(14.65518148871386+0.00021577172261906375j)
152,1.55,2.5,0.38,0.011111111111111112,2,1.640257522405361,8.510423356407665e-09,0.9981205121905455,0.002212835614726013j,(14.017001381208322+1.842326651840933e-05j)
153,1.55,2.5,0.38,0.016666666666666666,2,1.6398841891848968,1.8589925387183123e-08,0.9981126901375773,0.002918003978193553j,(13.169780803311344-0.00036502658291290204j)
154,1.55,2.5,0.38,0.022222222222222223,2,1.6394679681020912,4.265202975015997e-08,0.998091996642801,0.0032819879590562174j,(12.18566093685504-0.0007075590402909334j)
155,1.55,2.5,0.38,0.02777777777777778,2,1.6390924161478522,1.036818599878921e-07,0.9980518106822284,0.0037109752335365183j,(11.13678296367153-0.0007821553202339562j)
156,1.55,2.5,0.38,0.03333333333333333,2,1.6388413147767296,2.699156224731707e-07,0.9979863088599233,0.004611153477856969j,(10.095288065592934-0.00036179663735668924j)
157,1.55,2.5,0.38,0.03888888888888889,2,1.6387936767744975,7.640054476491473e-07,0.9978908651609001,0.00638871036824008j,(9.133317424451372+0.0007805357937260465j)
158,1.55,2.5,0.38,0.044444444444444446,2,1.6390242443719856,2.407207554358097e-06,0.9977613992884119,0.009449833580908371j,(8.323012222078962+0.0028718607583996347j)
159,1.55,2.5,0.38,0.05,2,1.6396119534100466,8.766490270800439e-06,0.997600083790172,0.014200710792084327j,(7.736513640307822+0.006139197042048696j)
160,1.6,2.5,0.38,0.0,1,1.6984649348535423,1.1437067361553929e-10,0.9996020370856814,-8.746602030131057e-06j,(14.222805031520004+4.770974431572172e-16j)
161,1.6,2.5,0.38,0.005555555555555556,1,1.6989100872931249,2.5857828886095977e-10,0.999587981383906,5.4090903138806774e-06j,(13.937561551186711-0.00505139508828796j)
162,1.6,2.5,0.38,0.011111111111111112,1,1.7002274391707577,5.627037540091579e-10,0.999547307760979,1.3583851851664113e-05j,(13.396594509528796-0.006228051413501063j)
163,1.6,2.5,0.38,0.016666666666666666,1,1.702373166304366,1.1804494889643072e-09,0.999483595596359,1.773245630075298e-05j,(12.662055129046419-0.004859600832761075j)
164,1.6,2.5,0.38,0.022222222222222223,1,1.7052835828854698,2.3970249622239005e-09,0.9994016499009308,1.9809677378681012e-05j,(11.796094632239717-0.002275675203191065j)
165,1.6,2.5,0.38,0.02777777777777778,1,1.7088851304362551,4.738385717808693e-09,0.9993064236399352,2.177028880298194e-05j,(10.860864241608851+0.00019409361808464323j)
166,1.6,2.5,0.38,0.03333333333333333,1,1.7131029364811723,9.177276241590789e-09,0.9992022852444005,2.556906429118949e-05j,(9.918515179653964+0.0012200737739431178j)
167,1.6,2.5,0.38,0.03888888888888889,1,1.7178665238509436,1.7529850894518326e-08,0.9990927134036106,3.3160777560837414e-05j,(9.03119866887521-0.0005273665927411294j)
168,1.6,2.5,0.38,0.044444444444444446,1,1.723112742162231,3.3237016466098144e-08,0.9989802969409618,4.650020232945941e-05j,(8.261065931772732-0.006377859339089851j)
169,1.6,2.5,0.38,0.05,1,1.7287866937204635,6.29466578717251e-08,0.9988668806923571,6.754211231458924e-05j,(7.670268190846686-0.017661036322228676j)
170,1.6,2.5,0.38,0.0,2,1.6263877717349269,-3.3154987416456184e-05,0.997852241460612,-0.007120937427844004j,(14.222805031521652-2.3141801047106924e-15j)
171,1.6,2.5,0.38,0.005555555555555556,2,1.6264397116825187,1.1237126318775966e-08,0.997869653783243,-0.009928693074381193j,(13.937561551181659+0.0050513950950681j)
172,1.6,2.5,0.38,0.011111111111111112,2,1.6262173458708984,2.351374364752086e-08,0.997866719547483,-0.011089300122684559j,(13.396594509518879+0.006228051422486098j)
173,1.6,2.5,0.38,0.016666666666666666,2,1.625892303202491,5.1354860259409664e-08,0.9978567434865724,-0.010739121474704006j,(12.662055129033314+0.004859600840486472j)
174,1.6,2.5,0.38,0.022222222222222223,2,1.6255311224202182,1.1809293266462659e-07,0.9978334355432184,-0.00901452003238945j,(11.796094632224975+0.0022756752073102844j)
175,1.6,2.5,0.38,0.02777777777777778,2,1.6252116407774924,2.8885080708868267e-07,0.9977901474724777,-0.0060518586976907925j,(10.860864241593866-0.00019409361879967966j)
176,1.6,2.5,0.38,0.03333333333333333,2,1.6250156472092767,7.615147089296676e-07,0.9977208309512567,-0.0019875003725579408j,(9.918515179639998-0.0012200737796094613j)
177,1.6,2.5,0.38,0.03888888888888889,2,1.6250262117463856,2.205682584975128e-06,0.99762067749546,0.003042192041059195j,(9.031198668863377+0.0005273665831215317j)
178,1.6,2.5,0.38,0.044444444444444446,2,1.6253327261226616,7.2297045109331e-06,0.9974853444819143,0.008900855641210712j,(8.261065931764012+0.006377859327633294j)
179,1.6,2.5,0.38,0.05,2,1.6260510194404507,2.803116553125809e-05,0.9973254004266114,0.015452127525946713j,(7.670268190841904+0.017661036312166405j)
